First Name,Email,Company,Job Title
Alexander,ethan334@yahoo.com,CloudNine,Sales Rep
Benjamin,lucas631@company.com,Innovate Co,Sales Rep
Evelyn,lucas456@yahoo.com,Beta Services,HR Specialist
Alexander,ethan973@example.org,Global Systems,Designer
Benjamin,emma328@outlook.com,Acme Corp,Consultant
William,liam280@example.org,Global Systems,HR Specialist
Emma,henry621@gmail.com,Beta Services,Data Analyst
Harper,charlotte448@outlook.com,Alpha Industries,Product Manager
Alexander,amelia817@example.org,TechStart Inc,HR Specialist
Harper,alexander46@example.org,DataFlow LLC,Marketing Manager
